{"name":"jamesgaskin_movies","title":"Movies","description":"A growing Movies and Actors database\n\n---\n{\"editor\":\"simple\"}\n---\n![](https://mediauploads.data.world/2b0605de9ac767fcfca5d5d2087c56dbe0ecc24b4ed51757f655ac43bdf48f83_image.png)","homepage":"https://data.world/jamesgaskin/movies","resources":[{"name":"actor","schema":{"fields":[{"name":"actorid","title":"ActorID","type":"integer","rdfType":"http://www.w3.org/2001/XMLSchema#integer","dwSourceId":"actorid"},{"name":"name","title":"Name","type":"string","rdfType":"http://www.w3.org/2001/XMLSchema#string","dwSourceId":"name"},{"name":"date_of_birth","title":"Date of Birth","type":"string","rdfType":"http://www.w3.org/2001/XMLSchema#string","dwSourceId":"date_of_birth"},{"name":"birth_city","title":"Birth City","type":"string","rdfType":"http://www.w3.org/2001/XMLSchema#string","dwSourceId":"birth_city"},{"name":"birth_country","title":"Birth Country","type":"string","rdfType":"http://www.w3.org/2001/XMLSchema#string","dwSourceId":"birth_country"},{"name":"height_inches","title":"Height (Inches)","type":"number","rdfType":"http://www.w3.org/2001/XMLSchema#decimal","dwSourceId":"height_inches"},{"name":"biography","title":"Biography","type":"string","rdfType":"http://www.w3.org/2001/XMLSchema#string","dwSourceId":"biography"},{"name":"gender","title":"Gender","type":"string","rdfType":"http://www.w3.org/2001/XMLSchema#string","dwSourceId":"gender"},{"name":"ethnicity","title":"Ethnicity","type":"string","rdfType":"http://www.w3.org/2001/XMLSchema#string","dwSourceId":"ethnicity"},{"name":"networth","title":"NetWorth","type":"integer","rdfType":"http://www.w3.org/2001/XMLSchema#integer","dwSourceId":"networth"}]},"path":"data/actor.csv","format":"csv"},{"name":"character","schema":{"fields":[{"name":"movieid","title":"MovieID","type":"integer","rdfType":"http://www.w3.org/2001/XMLSchema#integer","dwSourceId":"movieid"},{"name":"actorid","title":"ActorID","type":"integer","rdfType":"http://www.w3.org/2001/XMLSchema#integer","dwSourceId":"actorid"},{"name":"character_name","title":"Character_Name","type":"string","rdfType":"http://www.w3.org/2001/XMLSchema#string","dwSourceId":"character_name"},{"name":"creditorder","title":"creditOrder","type":"integer","rdfType":"http://www.w3.org/2001/XMLSchema#integer","dwSourceId":"creditorder"},{"name":"pay","title":"pay","type":"integer","rdfType":"http://www.w3.org/2001/XMLSchema#integer","dwSourceId":"pay"},{"name":"screentime","title":"screentime","type":"time","rdfType":"http://www.w3.org/2001/XMLSchema#time","dwSourceId":"screentime"}]},"path":"data/character.csv","format":"csv"},{"name":"movie","schema":{"fields":[{"name":"movieid","title":"MovieID","type":"integer","rdfType":"http://www.w3.org/2001/XMLSchema#integer","dwSourceId":"movieid"},{"name":"title","title":"Title","type":"string","rdfType":"http://www.w3.org/2001/XMLSchema#string","dwSourceId":"title"},{"name":"mpaa_rating","title":"MPAA_Rating","type":"string","rdfType":"http://www.w3.org/2001/XMLSchema#string","dwSourceId":"mpaa_rating"},{"name":"budget","title":"Budget","type":"integer","rdfType":"http://www.w3.org/2001/XMLSchema#integer","dwSourceId":"budget"},{"name":"gross","title":"Gross","type":"integer","rdfType":"http://www.w3.org/2001/XMLSchema#integer","dwSourceId":"gross"},{"name":"release_date","title":"Release_Date","type":"date","rdfType":"http://www.w3.org/2001/XMLSchema#date","dwSourceId":"release_date"},{"name":"genre","title":"Genre","type":"string","rdfType":"http://www.w3.org/2001/XMLSchema#string","dwSourceId":"genre"},{"name":"runtime","title":"Runtime","type":"integer","rdfType":"http://www.w3.org/2001/XMLSchema#integer","dwSourceId":"runtime"},{"name":"rating","title":"Rating","type":"number","rdfType":"http://www.w3.org/2001/XMLSchema#decimal","dwSourceId":"rating"},{"name":"rating_count","title":"Rating Count","type":"integer","rdfType":"http://www.w3.org/2001/XMLSchema#integer","dwSourceId":"rating_count"},{"name":"summary","title":"Summary","type":"string","rdfType":"http://www.w3.org/2001/XMLSchema#string","dwSourceId":"summary"}]},"path":"data/movie.csv","format":"csv"},{"name":"original/view","description":"Best movies of all time","path":"original/view","format":"","mediatype":"application/vnd.openxmlformats-officedocument.spreadsheetml.sheet","bytes":699109}]}